,总量,,,中餐厅,,,外国餐厅,,,快餐厅,,城市,甜品饮品店
重庆市,111439,,重庆市,78559,,上海市,5491,,深圳市,26882,,成都市,21306
成都市,110650,,成都市,70727,,北京市,3914,,广州市,23651,,重庆市,14461
广州市,105530,,广州市,65724,,广州市,3611,,上海市,21455,,上海市,12632
深圳市,98802,,东莞市,61820,,深圳市,2642,,北京市,18079,,广州市,12544
上海市,94141,,深圳市,59912,,成都市,2131,,东莞市,17456,,深圳市,9366
东莞市,85699,,上海市,54563,,沈阳市,1981,,重庆市,16834,,北京市,8747
北京市,77657,,北京市,46917,,杭州市,1899,,成都市,16486,,杭州市,6970
西安市,63731,,西安市,45250,,天津市,1819,,苏州市,13359,,苏州市,6216
苏州市,62619,,苏州市,41267,,苏州市,1777,,西安市,12368,,佛山市,6027
郑州市,56939,,郑州市,38910,,青岛市,1625,,郑州市,11938,,武汉市,5572
武汉市,56024,,武汉市,37058,,东莞市,1611,,武汉市,11906,,长沙市,5433
杭州市,55890,,杭州市,36366,,重庆市,1585,,沈阳市,11877,,郑州市,4932
天津市,50094,,天津市,32389,,大连市,1532,,天津市,11350,,西安市,4928
佛山市,48410,,佛山市,30423,,武汉市,1488,,佛山市,10834,,东莞市,4812
长沙市,46519,,长沙市,30201,,哈尔滨市,1474,,青岛市,10756,,青岛市,4632
青岛市,45421,,昆明市,28474,,南京市,1395,,杭州市,10655,,天津市,4536
沈阳市,44582,,青岛市,28408,,西安市,1185,,南京市,9974,,南宁市,4536
昆明市,41912,,哈尔滨市,27459,,郑州市,1159,,长沙市,9832,,昆明市,4365
哈尔滨市,40668,,沈阳市,27384,,宁波市,1130,,济南市,9784,,南京市,4185
宁波市,40665,,宁波市,27232,,佛山市,1126,,合肥市,9160,,宁波市,4117
南京市,40642,,泉州市,26270,,厦门市,1105,,哈尔滨市,9019,,泉州市,4076
泉州市,39172,,温州市,25431,,福州市,1070,,徐州市,8460,,厦门市,4060
合肥市,38925,,南京市,25088,,长沙市,1053,,昆明市,8361,,合肥市,3979
温州市,38405,,合肥市,25032,,长春市,1025,,石家庄市,8258,,福州市,3944
济南市,36242,,长春市,24338,,温州市,1000,,宁波市,8186,,温州市,3807
石家庄市,36131,,石家庄市,24306,,无锡市,962,,温州市,8167,,无锡市,3805
长春市,34988,,惠州市,23260,,济南市,935,,泉州市,8010,,中山市,3446
无锡市,34984,,无锡市,23079,,泉州市,816,,大连市,7912,,海口市,3353
厦门市,34100,,济南市,22720,,合肥市,754,,中山市,7640,,沈阳市,3340
惠州市,33957,,保定市,21912,,南宁市,746,,南宁市,7478,,绵阳市,3217
福州市,32616,,厦门市,21542,,烟台市,744,,长春市,7422,,惠州市,3176
南宁市,32077,,金华市,21422,,金华市,739,,厦门市,7393,,大连市,3079
金华市,31939,,福州市,20534,,昆明市,712,,无锡市,7138,,石家庄市,2927
中山市,31785,,潍坊市,20404,,中山市,684,,潍坊市,7118,,汕头市,2886
保定市,31457,,嘉兴市,20048,,常州市,664,,福州市,7068,,金华市,2820
大连市,31115,,中山市,20015,,石家庄市,640,,临沂市,7001,,德阳市,2813
潍坊市,30538,,贵阳市,19805,,惠州市,636,,金华市,6958,,济南市,2803
徐州市,29779,,南宁市,19317,,徐州市,578,,惠州市,6885,,哈尔滨市,2716
嘉兴市,29028,,临沂市,18972,,嘉兴市,535,,洛阳市,6735,,嘉兴市,2712
临沂市,28607,,徐州市,18685,,延边朝鲜族自治州,520,,保定市,6596,,江门市,2711
贵阳市,28521,,大连市,18592,,潍坊市,517,,周口市,6269,,湛江市,2655
洛阳市,26891,,洛阳市,18163,,南通市,510,,烟台市,6149,,保定市,2536
烟台市,25292,,南阳市,16740,,南昌市,496,,贵阳市,6109,,常州市,2535
常州市,24986,,常州市,16690,,珠海市,495,,商丘市,5897,,潍坊市,2499
南阳市,24972,,邯郸市,16689,,台州市,475,,南阳市,5841,,南充市,2370
邯郸市,24030,,济宁市,16531,,威海市,472,,嘉兴市,5733,,烟台市,2362
济宁市,23856,,烟台市,16037,,太原市,464,,台州市,5487,,临沂市,2250
台州市,23532,,赣州市,15512,,江门市,455,,南昌市,5484,,长春市,2203
南昌市,22008,,台州市,15428,,贵阳市,446,,邯郸市,5450,,南阳市,2173
周口市,21852,,太原市,14419,,绍兴市,442,,太原市,5326,,南通市,2167
太原市,21710,,遵义市,14046,,吉林市,440,,南通市,5263,,贵阳市,2161
赣州市,21183,,唐山市,13971,,盐城市,431,,济宁市,5212,,台州市,2142
南通市,20862,,南昌市,13913,,汕头市,415,,常州市,5097,,南昌市,2115
汕头市,20859,,周口市,13888,,保定市,413,,唐山市,4718,,茂名市,2069
商丘市,20817,,沧州市,13877,,唐山市,386,,菏泽市,4361,,徐州市,2056
唐山市,20710,,汕头市,13374,,临沂市,384,,盐城市,4330,,漳州市,2024
盐城市,19796,,廊坊市,13312,,济宁市,361,,汕头市,4184,,绍兴市,1998
绍兴市,19563,,商丘市,13304,,海口市,361,,廊坊市,4129,,揭阳市,1947
沧州市,19289,,盐城市,13200,,廊坊市,348,,绍兴市,4104,,眉山市,1937
遵义市,19285,,绍兴市,13019,,扬州市,347,,乌鲁木齐市,4048,,乐山市,1905
廊坊市,19120,,南通市,12922,,漳州市,340,,邢台市,4029,,肇庆市,1877
邢台市,17899,,阜阳市,12775,,商丘市,332,,沧州市,3919,,盐城市,1835
江门市,17875,,邢台市,12479,,呼和浩特市,329,,新乡市,3873,,扬州市,1831
淄博市,17436,,新乡市,11955,,洛阳市,317,,淄博市,3845,,珠海市,1786
阜阳市,17430,,淮安市,11878,,湛江市,309,,珠海市,3702,,赣州市,1771
新乡市,17402,,淄博市,11862,,桂林市,292,,淮安市,3701,,桂林市,1758
菏泽市,17382,,聊城市,11575,,淄博市,288,,驻马店市,3669,,济宁市,1752
淮安市,17148,,菏泽市,11548,,镇江市,283,,遵义市,3658,,清远市,1702
扬州市,16514,,兰州市,11449,,沧州市,280,,赣州市,3627,,湖州市,1696
兰州市,16477,,江门市,11214,,鞍山市,279,,安阳市,3544,,洛阳市,1676
漳州市,16447,,扬州市,10982,,淮安市,278,,德州市,3538,,玉林市,1661
聊城市,16249,,漳州市,10940,,赣州市,273,,江门市,3495,,邯郸市,1642
海口市,16246,,呼和浩特市,10600,,乌鲁木齐市,270,,泰安市,3492,,唐山市,1635
绵阳市,16010,,德州市,10450,,周口市,267,,泰州市,3472,,遂宁市,1634
珠海市,15486,,湖州市,10368,,丹东市,266,,宿迁市,3430,,宜宾市,1634
呼和浩特市,15392,,咸阳市,10306,,湖州市,265,,聊城市,3403,,柳州市,1538
德州市,15201,,驻马店市,10144,,牡丹江市,260,,兰州市,3403,,泸州市,1502
湖州市,15052,,镇江市,10086,,泰州市,253,,开封市,3385,,太原市,1501
驻马店市,15045,,安阳市,9960,,邯郸市,249,,扬州市,3354,,淄博市,1441
乌鲁木齐市,14913,,宿迁市,9942,,抚顺市,249,,海口市,3353,,自贡市,1437
镇江市,14859,,信阳市,9922,,宿迁市,245,,呼和浩特市,3318,,周口市,1428
安阳市,14801,,绵阳市,9922,,秦皇岛市,243,,镇江市,3295,,遵义市,1426
南充市,14708,,桂林市,9678,,连云港市,241,,吉林市,3262,,衡阳市,1405
宿迁市,14683,,曲靖市,9658,,泰安市,241,,漳州市,3143,,常德市,1405
桂林市,14421,,南充市,9641,,莆田市,236,,焦作市,3117,,内江市,1399
开封市,14124,,襄阳市,9636,,德州市,232,,阜阳市,3067,,兰州市,1398
泰州市,14111,,乌鲁木齐市,9581,,揭阳市,231,,许昌市,3053,,阜阳市,1387
泰安市,14093,,运城市,9567,,柳州市,227,,平顶山市,3022,,新乡市,1359
信阳市,14029,,珠海市,9503,,兰州市,227,,连云港市,3008,,廊坊市,1331
揭阳市,13720,,开封市,9486,,绵阳市,224,,滨州市,2959,,淮安市,1291
湛江市,13663,,渭南市,9322,,丽水市,223,,运城市,2941,,商丘市,1284
清远市,13620,,泰安市,9304,,肇庆市,223,,芜湖市,2813,,拉萨市,1269
运城市,13578,,清远市,9210,,大庆市,222,,信阳市,2789,,贵港市,1267
肇庆市,13411,,海口市,9179,,芜湖市,220,,柳州市,2772,,连云港市,1266
咸阳市,13251,,泰州市,9166,,南阳市,218,,枣庄市,2752,,菏泽市,1262
连云港市,13195,,揭阳市,9095,,新乡市,215,,湖州市,2723,,达州市,1256
吉林市,12999,,肇庆市,8771,,齐齐哈尔市,213,,桂林市,2693,,上饶市,1253
襄阳市,12841,,临汾市,8744,,呼伦贝尔市,212,,绵阳市,2647,,株洲市,1242
渭南市,12668,,上饶市,8689,,菏泽市,211,,齐齐哈尔市,2614,,九江市,1221
枣庄市,12571,,连云港市,8680,,邢台市,205,,银川市,2576,,岳阳市,1221
曲靖市,12515,,枣庄市,8676,,清远市,205,,渭南市,2554,,泰州市,1220
银川市,12461,,银川市,8642,,阜阳市,201,,肇庆市,2540,,沧州市,1213
乐山市,12348,,九江市,8597,,包头市,200,,南充市,2535,,镇江市,1195
平顶山市,12322,,吉林市,8560,,银川市,200,,鞍山市,2528,,红河哈尼族彝族自治州,1195
九江市,12264,,梅州市,8389,,营口市,198,,清远市,2503,,邢台市,1186
许昌市,12253,,张家口市,8383,,聊城市,198,,榆林市,2470,,襄阳市,1156
滨州市,12210,,湛江市,8292,,宁德市,196,,威海市,2464,,曲靖市,1153
焦作市,12104,,毕节市,8257,,安阳市,193,,揭阳市,2447,,呼和浩特市,1145
临汾市,12078,,平顶山市,8238,,三亚市,193,,临汾市,2446,,益阳市,1140
德阳市,11948,,许昌市,8191,,九江市,192,,衡阳市,2410,,信阳市,1135
上饶市,11933,,滨州市,8152,,开封市,192,,湛江市,2407,,百色市,1130
梅州市,11620,,荆州市,8025,,锦州市,189,,乐山市,2361,,广安市,1116
柳州市,11608,,焦作市,8011,,信阳市,183,,亳州市,2256,,安阳市,1104
衡阳市,11480,,乐山市,7984,,东营市,181,,九江市,2254,,潮州市,1088
亳州市,11319,,亳州市,7975,,龙岩市,180,,株洲市,2243,,汕尾市,1079
荆州市,11247,,榆林市,7928,,宜昌市,180,,岳阳市,2241,,聊城市,1073
张家口市,11152,,宿州市,7906,,上饶市,177,,秦皇岛市,2231,,阳江市,1071
芜湖市,11148,,大理白族自治州,7825,,韶关市,171,,蚌埠市,2208,,驻马店市,1067
榆林市,11142,,滁州市,7776,,运城市,169,,宿州市,2145,,湘潭市,1067
威海市,10978,,宜昌市,7662,,三明市,165,,宜昌市,2133,,宿迁市,1066
岳阳市,10966,,包头市,7574,,驻马店市,165,,包头市,2111,,梅州市,1065
宿州市,10962,,衡阳市,7506,,荆州市,165,,常德市,2106,,开封市,1061
宜昌市,10828,,六安市,7489,,汕尾市,165,,大庆市,2078,,泰安市,1056
常德市,10777,,红河哈尼族彝族自治州,7465,,茂名市,164,,衡水市,2069,,银川市,1043
株洲市,10682,,安庆市,7428,,枣庄市,163,,荆州市,2068,,郴州市,1037
包头市,10648,,德阳市,7397,,通化市,162,,日照市,2039,,威海市,1032
宜宾市,10584,,岳阳市,7370,,南充市,162,,邵阳市,2028,,莆田市,1020
毕节市,10567,,芜湖市,7347,,襄阳市,160,,梅州市,2023,,乌鲁木齐市,1014
滁州市,10540,,晋中市,7229,,日照市,159,,大同市,1994,,大理白族自治州,1000
齐齐哈尔市,10356,,常德市,7131,,衡阳市,159,,宝鸡市,1975,,梧州市,999
红河哈尼族彝族自治州,10224,,柳州市,7071,,张家口市,158,,锦州市,1974,,龙岩市,993
大理白族自治州,10223,,株洲市,7041,,株洲市,156,,咸阳市,1941,,荆州市,989
安庆市,10207,,威海市,7010,,滨州市,155,,赤峰市,1922,,德州市,981
茂名市,10170,,濮阳市,6994,,遵义市,155,,晋中市,1900,,枣庄市,980
鞍山市,10076,,宜宾市,6979,,南平市,152,,襄阳市,1889,,资阳市,973
六安市,10029,,宜春市,6940,,郴州市,149,,安庆市,1872,,宜春市,958
秦皇岛市,9926,,齐齐哈尔市,6834,,佳木斯市,146,,濮阳市,1859,,平顶山市,949
晋中市,9886,,西宁市,6830,,绥化市,145,,张家口市,1850,,北海市,945
濮阳市,9740,,秦皇岛市,6729,,亳州市,145,,宜宾市,1846,,滨州市,944
达州市,9669,,衡水市,6725,,许昌市,144,,玉林市,1816,,亳州市,943
眉山市,9583,,达州市,6688,,梅州市,143,,上饶市,1814,,韶关市,930
衡水市,9543,,郴州市,6648,,赤峰市,142,,莆田市,1796,,南平市,921
郴州市,9531,,宝鸡市,6618,,铁岭市,141,,宁德市,1795,,邵阳市,914
宜春市,9511,,泸州市,6586,,蚌埠市,140,,孝感市,1793,,河源市,912
泸州市,9496,,鞍山市,6496,,焦作市,140,,东营市,1770,,云浮市,911
蚌埠市,9422,,黄冈市,6470,,河源市,140,,六安市,1765,,咸阳市,904
西宁市,9300,,黔南布依族苗族自治州,6459,,德阳市,140,,茂名市,1761,,运城市,901
宝鸡市,9269,,黔东南苗族侗族自治州,6449,,阳江市,138,,滁州市,1757,,钦州市,898
莆田市,9264,,蚌埠市,6374,,临汾市,136,,黄冈市,1747,,河池市,889
玉林市,9183,,赤峰市,6313,,宿州市,135,,营口市,1727,,滁州市,887
黄冈市,9102,,眉山市,6234,,常德市,135,,郴州市,1697,,丽水市,875
赤峰市,9012,,莆田市,6212,,岳阳市,134,,抚顺市,1693,,淮南市,875
大庆市,8948,,茂名市,6176,,潮州市,134,,龙岩市,1680,,毕节市,875
日照市,8810,,河源市,6161,,葫芦岛市,129,,西宁市,1657,,许昌市,865
河源市,8716,,大庆市,6076,,衡水市,128,,丽水市,1635,,广元市,856
邵阳市,8642,,绥化市,6050,,盘锦市,127,,鄂尔多斯市,1625,,宜昌市,853
龙岩市,8584,,鄂尔多斯市,6042,,大理白族自治州,127,,达州市,1618,,吉安市,845
湘潭市,8549,,日照市,5932,,宜宾市,125,,三门峡市,1616,,焦作市,836
黔东南苗族侗族自治州,8531,,长治市,5921,,马鞍山市,123,,怀化市,1610,,宁德市,826
黔南布依族苗族自治州,8504,,韶关市,5873,,湘潭市,123,,曲靖市,1608,,安庆市,794
韶关市,8420,,湘潭市,5858,,承德市,122,,朝阳市,1603,,凉山彝族自治州,789
绥化市,8271,,承德市,5731,,辽阳市,120,,德阳市,1598,,宿州市,776
孝感市,8257,,龙岩市,5731,,滁州市,120,,宣城市,1575,,濮阳市,774
鄂尔多斯市,8204,,孝感市,5669,,孝感市,118,,承德市,1561,,鞍山市,773
大同市,8195,,吕梁市,5619,,黄冈市,118,,马鞍山市,1528,,永州市,770
东营市,8088,,玉林市,5588,,玉林市,118,,宜春市,1512,,芜湖市,768
营口市,8055,,邵阳市,5585,,怀化市,117,,永州市,1509,,黄冈市,767
长治市,7951,,宣城市,5547,,西宁市,117,,牡丹江市,1507,,包头市,763
承德市,7881,,营口市,5534,,邵阳市,115,,汉中市,1507,,张家口市,761
宣城市,7759,,吉安市,5498,,鄂尔多斯市,114,,河源市,1503,,衢州市,759
丽水市,7743,,四平市,5496,,安庆市,113,,湘潭市,1501,,延边朝鲜族自治州,758
益阳市,7707,,大同市,5468,,平顶山市,113,,绥化市,1489,,怀化市,755
怀化市,7705,,东营市,5446,,濮阳市,113,,四平市,1486,,临汾市,752
吉安市,7701,,佳木斯市,5410,,本溪市,112,,漯河市,1484,,三明市,744
淮南市,7654,,通辽市,5383,,四平市,108,,红河哈尼族彝族自治州,1460,,吉林市,737
宁德市,7637,,呼伦贝尔市,5359,,淮南市,107,,长治市,1446,,黔南布依族苗族自治州,727
吕梁市,7576,,淮南市,5331,,永州市,107,,韶关市,1446,,秦皇岛市,723
延边朝鲜族自治州,7565,,益阳市,5299,,达州市,107,,三明市,1439,,渭南市,706
四平市,7551,,楚雄彝族自治州,5246,,林芝市,106,,百色市,1421,,蚌埠市,700
牡丹江市,7491,,怀化市,5223,,朝阳市,105,,通辽市,1416,,昭通市,699
呼伦贝尔市,7435,,漯河市,5208,,北海市,104,,十堰市,1398,,西宁市,696
广安市,7427,,牡丹江市,5173,,红河哈尼族彝族自治州,104,,梧州市,1371,,齐齐哈尔市,695
遂宁市,7363,,广安市,5170,,六安市,103,,吕梁市,1370,,抚州市,692
锦州市,7335,,延边朝鲜族自治州,5097,,恩施土家族苗族自治州,102,,抚州市,1369,,娄底市,692
通辽市,7317,,恩施土家族苗族自治州,5068,,益阳市,102,,汕尾市,1366,,东营市,691
漯河市,7301,,凉山彝族自治州,5021,,宜春市,101,,毕节市,1364,,玉溪市,691
潮州市,7178,,丽水市,5010,,大同市,100,,呼伦贝尔市,1361,,日照市,680
佳木斯市,7161,,抚州市,4978,,咸阳市,100,,南平市,1352,,孝感市,677
马鞍山市,7136,,六盘水市,4925,,通辽市,98,,淮南市,1341,,六安市,672
抚州市,7116,,安顺市,4925,,乐山市,98,,黔东南苗族侗族自治州,1340,,黔东南苗族侗族自治州,665
汉中市,7031,,汉中市,4915,,宣城市,96,,眉山市,1336,,晋中市,663
三门峡市,7011,,广元市,4844,,曲靖市,96,,贵港市,1330,,马鞍山市,658
南平市,6984,,三门峡市,4843,,松原市,95,,葫芦岛市,1326,,榆林市,651
永州市,6942,,马鞍山市,4827,,晋中市,94,,泸州市,1317,,来宾市,644
三明市,6910,,宁德市,4820,,舟山市,93,,北海市,1298,,丽江市,639
百色市,6888,,潮州市,4763,,榆林市,93,,吉安市,1276,,三亚市,636
汕尾市,6824,,玉溪市,4755,,白山市,91,,大理白族自治州,1271,,赤峰市,635
阳江市,6822,,遂宁市,4659,,衢州市,91,,丹东市,1252,,文山壮族苗族自治州,634
恩施土家族苗族自治州,6784,,锦州市,4581,,云浮市,91,,黔南布依族苗族自治州,1247,,大同市,633
凉山彝族自治州,6730,,昭通市,4581,,泸州市,91,,铁岭市,1196,,巴中市,632
内江市,6726,,黔西南布依族苗族自治州,4575,,景德镇市,90,,潮州市,1193,,西双版纳傣族自治州,623
玉溪市,6685,,三明市,4562,,白城市,89,,延边朝鲜族自治州,1190,,衡水市,621
朝阳市,6613,,南平市,4559,,淮北市,89,,河池市,1170,,黄石市,611
广元市,6586,,永州市,4556,,梧州市,89,,娄底市,1169,,宝鸡市,599
楚雄彝族自治州,6580,,丽江市,4541,,黄石市,87,,益阳市,1166,,营口市,596
安顺市,6507,,朝阳市,4510,,长治市,86,,玉溪市,1154,,锦州市,591
贵港市,6464,,阳江市,4497,,渭南市,86,,黄石市,1150,,楚雄彝族自治州,590
北海市,6383,,文山壮族苗族自治州,4495,,玉溪市,85,,忻州市,1141,,绥化市,587
抚顺市,6354,,铜仁市,4482,,张家界市,84,,佳木斯市,1128,,大庆市,572
丹东市,6337,,忻州市,4437,,吉安市,82,,盘锦市,1125,,崇左市,569
衢州市,6314,,衢州市,4381,,汉中市,82,,阳江市,1116,,丹东市,553
昭通市,6243,,荆门市,4375,,三门峡市,81,,三亚市,1116,,牡丹江市,551
丽江市,6145,,松原市,4367,,钦州市,81,,恩施土家族苗族自治州,1111,,铜仁市,550
黄石市,6139,,内江市,4347,,咸宁市,80,,安顺市,1096,,雅安市,549
六盘水市,6129,,巴彦淖尔市,4313,,贵港市,80,,广安市,1086,,宣城市,541
娄底市,6115,,黄石市,4291,,锡林郭勒盟,79,,延安市,1086,,漯河市,533
忻州市,6070,,丹东市,4266,,抚州市,77,,衢州市,1083,,汉中市,527
十堰市,6068,,百色市,4263,,黔东南苗族侗族自治州,77,,荆门市,1077,,吕梁市,516
铜仁市,6068,,通化市,4219,,宝鸡市,77,,晋城市,1061,,萍乡市,510
荆门市,6023,,汕尾市,4214,,鸡西市,76,,淮北市,1057,,天水市,505
文山壮族苗族自治州,5933,,娄底市,4193,,漯河市,76,,钦州市,1057,,呼伦贝尔市,503
河池市,5925,,十堰市,4188,,眉山市,76,,咸宁市,1033,,恩施土家族苗族自治州,503
自贡市,5925,,延安市,4178,,十堰市,75,,松原市,1005,,荆门市,501
黔西南布依族苗族自治州,5899,,抚顺市,4060,,遂宁市,75,,遂宁市,995,,长治市,498
梧州市,5889,,晋城市,4037,,百色市,74,,通化市,986,,六盘水市,495
松原市,5810,,北海市,4036,,丽江市,73,,铜仁市,976,,湘西土家族苗族自治州,494
巴彦淖尔市,5765,,淮北市,3873,,吕梁市,71,,巴彦淖尔市,975,,贺州市,484
通化市,5755,,葫芦岛市,3867,,阜新市,71,,内江市,921,,佳木斯市,477
葫芦岛市,5710,,盘锦市,3864,,毕节市,71,,昭通市,920,,普洱市,473
延安市,5635,,咸宁市,3823,,黔南布依族苗族自治州,71,,阜新市,902,,咸宁市,472
三亚市,5606,,河池市,3798,,荆门市,70,,丽江市,892,,三门峡市,471
盘锦市,5485,,贵港市,3787,,黑河市,69,,伊犁哈萨克自治州,887,,承德市,467
淮北市,5448,,自贡市,3739,,大兴安岭地区,69,,巴音郭楞蒙古自治州,879,,黔西南布依族苗族自治州,465
晋城市,5437,,三亚市,3661,,河池市,68,,黄山市,865,,四平市,461
拉萨市,5411,,普洱市,3615,,凉山彝族自治州,68,,乌兰察布市,852,,保山市,445
咸宁市,5408,,湘西土家族苗族自治州,3610,,晋城市,66,,凉山彝族自治州,852,,景德镇市,442
云浮市,5291,,乌兰察布市,3607,,忻州市,66,,安康市,839,,武威市,432
铁岭市,5198,,黄山市,3532,,崇左市,62,,广元市,838,,淮北市,429
钦州市,5029,,白城市,3517,,巴彦淖尔市,61,,白城市,830,,安顺市,427
普洱市,4929,,云浮市,3494,,兴安盟,61,,辽阳市,824,,忻州市,426
乌兰察布市,4865,,铁岭市,3475,,娄底市,61,,天水市,816,,鄂尔多斯市,423
白城市,4835,,拉萨市,3458,,黔西南布依族苗族自治州,61,,普洱市,806,,攀枝花市,422
湘西土家族苗族自治州,4800,,梧州市,3430,,铜仁市,60,,景德镇市,802,,通辽市,420
黄山市,4787,,景德镇市,3426,,西双版纳傣族自治州,60,,黔西南布依族苗族自治州,798,,巴彦淖尔市,416
资阳市,4785,,庆阳市,3350,,德宏傣族景颇族自治州,60,,本溪市,795,,十堰市,407
景德镇市,4760,,保山市,3318,,内江市,59,,云浮市,795,,白城市,399
西双版纳傣族自治州,4618,,西双版纳傣族自治州,3316,,安顺市,59,,舟山市,787,,朝阳市,395
巴中市,4599,,伊犁哈萨克自治州,3295,,双鸭山市,58,,昌吉回族自治州,775,,舟山市,391
伊犁哈萨克自治州,4586,,昌吉回族自治州,3270,,巴音郭楞蒙古自治州,58,,鸡西市,760,,葫芦岛市,388
阜新市,4507,,鸡西市,3210,,萍乡市,57,,文山壮族苗族自治州,748,,通化市,388
天水市,4489,,巴中市,3193,,辽源市,56,,锡林郭勒盟,745,,铁岭市,386
保山市,4485,,阜新市,3192,,文山壮族苗族自治州,56,,崇左市,742,,防城港市,384
雅安市,4393,,雅安市,3183,,拉萨市,56,,巴中市,727,,新余市,374
昌吉回族自治州,4317,,定西市,3175,,广安市,55,,贺州市,726,,盘锦市,369
鸡西市,4274,,天水市,3125,,六盘水市,55,,黑河市,721,,乌兰察布市,361
庆阳市,4235,,池州市,3100,,伊犁哈萨克自治州,55,,鹤壁市,720,,抚顺市,352
锡林郭勒盟,4226,,酒泉市,3091,,鹤壁市,54,,楚雄彝族自治州,712,,随州市,352
萍乡市,4162,,资阳市,3084,,湘西土家族苗族自治州,53,,朔州市,709,,琼海市,351
安康市,4114,,锡林郭勒盟,3068,,防城港市,53,,自贡市,701,,伊犁哈萨克自治州,349
舟山市,4064,,平凉市,3013,,贺州市,53,,资阳市,693,,黄山市,347
定西市,4044,,钦州市,2993,,雅安市,53,,铜陵市,691,,德宏傣族景颇族自治州,344
辽阳市,4029,,安康市,2977,,喀什地区,51,,来宾市,689,,松原市,343
酒泉市,3991,,萍乡市,2970,,伊春市,50,,保山市,674,,阜新市,342
本溪市,3977,,德宏傣族景颇族自治州,2895,,七台河市,49,,白山市,663,,辽阳市,342
池州市,3943,,吴忠市,2873,,攀枝花市,49,,六盘水市,654,,锡林郭勒盟,334
鹤壁市,3915,,随州市,2862,,自贡市,48,,湘西土家族苗族自治州,643,,酒泉市,332
德宏傣族景颇族自治州,3841,,鹤壁市,2843,,广元市,48,,阿克苏地区,634,,阿坝藏族羌族自治州,330
黑河市,3832,,舟山市,2793,,保山市,48,,兴安盟,630,,延安市,326
平凉市,3800,,黑河市,2783,,昌吉回族自治州,48,,拉萨市,628,,澄迈县,320
随州市,3765,,本溪市,2774,,阳泉市,47,,萍乡市,625,,陇南市,315
朔州市,3758,,辽阳市,2743,,巴中市,47,,西双版纳傣族自治州,619,,定西市,314
贺州市,3742,,朔州市,2710,,铜陵市,46,,双鸭山市,613,,朔州市,310
吴忠市,3680,,张家界市,2692,,乌兰察布市,45,,雅安市,608,,临沧市,305
白山市,3596,,双鸭山市,2637,,新余市,45,,喀什地区,580,,张家界市,300
张家界市,3581,,白山市,2606,,延安市,45,,池州市,577,,鹤壁市,298
崇左市,3565,,伊春市,2586,,黄山市,43,,庆阳市,573,,本溪市,296
双鸭山市,3510,,新余市,2581,,昭通市,43,,阳泉市,568,,张掖市,294
巴音郭楞蒙古自治州,3491,,白银市,2578,,天水市,43,,辽源市,547,,庆阳市,286
铜陵市,3488,,铜陵市,2484,,鹤岗市,42,,吴忠市,546,,白银市,285
新余市,3477,,贺州市,2479,,池州市,39,,德宏傣族景颇族自治州,542,,文昌市,277
白银市,3432,,巴音郭楞蒙古自治州,2347,,随州市,39,,酒泉市,533,,鹰潭市,274
来宾市,3348,,石嘴山市,2338,,白银市,37,,白银市,532,,晋城市,273
伊春市,3296,,张掖市,2268,,鹰潭市,36,,定西市,530,,安康市,268
武威市,3156,,武威市,2226,,来宾市,35,,张掖市,516,,铜陵市,267
兴安盟,3120,,兴安盟,2225,,琼海市,35,,随州市,512,,万宁市,260
张掖市,3099,,陇南市,2203,,资阳市,35,,张家界市,505,,黑河市,259
石嘴山市,3037,,崇左市,2192,,普洱市,35,,防城港市,505,,平凉市,255
阳泉市,2979,,阳泉市,2185,,酒泉市,35,,平凉市,505,,儋州市,252
陇南市,2930,,临夏回族自治州,2142,,仙桃市,34,,七台河市,495,,伊春市,247
防城港市,2893,,鹤岗市,2132,,阿克苏地区,34,,石嘴山市,493,,白山市,236
攀枝花市,2860,,临沧市,2065,,楚雄彝族自治州,32,,济源市,483,,吴忠市,230
鹤岗市,2821,,阿坝藏族羌族自治州,2057,,吴忠市,31,,武威市,483,,鸡西市,228
临沧市,2769,,攀枝花市,2028,,安康市,30,,商洛市,479,,池州市,227
阿克苏地区,2763,,商洛市,1999,,克拉玛依市,30,,新余市,477,,昌吉回族自治州,224
辽源市,2737,,来宾市,1980,,朔州市,29,,鄂州市,473,,济源市,221
商洛市,2699,,辽源市,1954,,济源市,29,,塔城地区,459,,鄂州市,215
阿坝藏族羌族自治州,2662,,防城港市,1951,,乌海市,28,,鹤岗市,444,,商洛市,209
鄂州市,2651,,鄂州市,1936,,潜江市,28,,伊春市,413,,巴音郭楞蒙古自治州,207
济源市,2640,,阿克苏地区,1909,,临沧市,28,,克拉玛依市,409,,喀什地区,207
喀什地区,2629,,济源市,1907,,鄂州市,27,,乌海市,406,,兴安盟,204
临夏回族自治州,2617,,仙桃市,1843,,平凉市,27,,石河子市,400,,鹤岗市,203
鹰潭市,2517,,鹰潭市,1821,,庆阳市,26,,铜川市,398,,双鸭山市,202
仙桃市,2434,,中卫市,1801,,石河子市,26,,陇南市,396,,仙桃市,197
乌海市,2394,,乌海市,1797,,定西市,25,,鹰潭市,386,,陵水黎族自治县,197
七台河市,2265,,喀什地区,1791,,儋州市,24,,临沧市,371,,阿克苏地区,186
中卫市,2237,,固原市,1767,,石嘴山市,23,,攀枝花市,361,,金昌市,184
固原市,2226,,甘孜藏族自治州,1673,,中卫市,22,,仙桃市,360,,石嘴山市,183
石河子市,2117,,海西蒙古族藏族自治州,1632,,塔城地区,22,,海西蒙古族藏族自治州,309,,辽源市,180
塔城地区,2105,,七台河市,1602,,张掖市,21,,哈密市,292,,阳泉市,179
甘孜藏族自治州,2063,,石河子市,1519,,陵水黎族自治县,20,,潜江市,285,,临夏回族自治州,177
海西蒙古族藏族自治州,2060,,塔城地区,1459,,天门市,19,,固原市,283,,甘孜藏族自治州,175
潜江市,1847,,潜江市,1388,,文昌市,19,,临夏回族自治州,280,,石河子市,172
铜川市,1797,,迪庆藏族自治州,1374,,临夏回族自治州,18,,儋州市,277,,塔城地区,165
迪庆藏族自治州,1657,,铜川市,1274,,固原市,18,,中卫市,268,,乌海市,163
克拉玛依市,1545,,天门市,1131,,迪庆藏族自治州,17,,阿坝藏族羌族自治州,260,,固原市,158
天门市,1506,,阿拉善盟,1092,,陇南市,16,,海东市,260,,天门市,150
儋州市,1484,,嘉峪关市,1066,,万宁市,15,,博尔塔拉蒙古自治州,248,,潜江市,146
嘉峪关市,1462,,金昌市,1039,,阿坝藏族羌族自治州,15,,嘉峪关市,246,,中卫市,146
琼海市,1450,,克拉玛依市,1004,,铜川市,15,,天门市,206,,东方市,143
金昌市,1430,,儋州市,931,,武威市,15,,甘孜藏族自治州,204,,嘉峪关市,140
阿拉善盟,1322,,海东市,916,,东方市,14,,吐鲁番市,196,,临高县,126
海东市,1279,,琼海市,876,,金昌市,14,,金昌市,193,,七台河市,119
万宁市,1189,,甘南藏族自治州,870,,海西蒙古族藏族自治州,14,,和田地区,193,,定安县,116
哈密市,1146,,怒江傈僳族自治州,789,,哈密市,14,,琼海市,188,,铜川市,110
文昌市,1114,,哈密市,788,,商洛市,12,,大兴安岭地区,186,,迪庆藏族自治州,109
甘南藏族自治州,1097,,万宁市,769,,甘孜藏族自治州,11,,阿拉善盟,165,,海西蒙古族藏族自治州,105
博尔塔拉蒙古自治州,1094,,博尔塔拉蒙古自治州,750,,阿拉尔市,11,,海南藏族自治州,161,,乐东黎族自治县,102
大兴安岭地区,1040,,大兴安岭地区,721,,嘉峪关市,10,,迪庆藏族自治州,157,,甘南藏族自治州,102
澄迈县,1037,,海南藏族自治州,721,,阿拉善盟,9,,万宁市,145,,克拉玛依市,102
怒江傈僳族自治州,1001,,文昌市,683,,澄迈县,9,,文昌市,135,,海东市,97
陵水黎族自治县,993,,吐鲁番市,665,,博尔塔拉蒙古自治州,9,,东方市,132,,怒江傈僳族自治州,94
海南藏族自治州,925,,陵水黎族自治县,652,,五指山市,8,,澄迈县,131,,屯昌县,91
吐鲁番市,889,,澄迈县,577,,甘南藏族自治州,8,,陵水黎族自治县,124,,博尔塔拉蒙古自治州,87
东方市,815,,东方市,526,,和田地区,7,,克孜勒苏柯尔克孜自治州,121,,昌江黎族自治县,78
和田地区,732,,和田地区,476,,保亭黎族苗族自治县,6,,甘南藏族自治州,117,,大兴安岭地区,64
乐东黎族自治县,600,,海北藏族自治州,452,,海东市,6,,怒江傈僳族自治州,115,,琼中黎族苗族自治县,58
林芝市,594,,乐东黎族自治县,418,,海南藏族自治州,6,,阿拉尔市,94,,日喀则市,57
海北藏族自治州,574,,林芝市,410,,屯昌县,5,,五家渠市,92,,阿拉善盟,56
日喀则市,529,,五家渠市,408,,昌江黎族自治县,5,,海北藏族自治州,81,,和田地区,56
五家渠市,529,,日喀则市,398,,吐鲁番市,5,,阿勒泰地区,81,,保亭黎族苗族自治县,53
临高县,442,,黄南藏族自治州,317,,临高县,4,,乐东黎族自治县,77,,哈密市,52
屯昌县,415,,昌都市,281,,山南市,4,,日喀则市,71,,五指山市,47
黄南藏族自治州,406,,屯昌县,270,,定安县,3,,昌江黎族自治县,70,,山南市,47
定安县,398,,神农架林区,261,,乐东黎族自治县,3,,临高县,54,,白沙黎族自治县,43
昌江黎族自治县,394,,临高县,258,,怒江傈僳族自治州,3,,黄南藏族自治州,50,,海北藏族自治州,39
阿拉尔市,360,,玉树藏族自治州,242,,日喀则市,3,,五指山市,49,,黄南藏族自治州,37
昌都市,341,,昌江黎族自治县,241,,阿勒泰地区,3,,屯昌县,49,,海南藏族自治州,37
保亭黎族苗族自治县,333,,定安县,235,,五家渠市,3,,林芝市,48,,林芝市,30
克孜勒苏柯尔克孜自治州,322,,保亭黎族苗族自治县,227,,昌都市,2,,保亭黎族苗族自治县,47,,阿拉尔市,28
五指山市,317,,阿拉尔市,227,,阿里地区,2,,山南市,45,,阿里地区,26
阿勒泰地区,309,,五指山市,213,,海北藏族自治州,2,,定安县,44,,五家渠市,26
山南市,303,,山南市,207,,黄南藏族自治州,2,,琼中黎族苗族自治县,40,,吐鲁番市,23
神农架林区,301,,阿勒泰地区,203,,玉树藏族自治州,2,,昌都市,36,,昌都市,22
玉树藏族自治州,296,,琼中黎族苗族自治县,185,,克孜勒苏柯尔克孜自治州,2,,图木舒克市,36,,阿勒泰地区,22
琼中黎族苗族自治县,284,,克孜勒苏柯尔克孜自治州,181,,琼中黎族苗族自治县,1,,玉树藏族自治州,32,,玉树藏族自治州,20
白沙黎族自治县,211,,那曲市,158,,那曲市,1,,果洛藏族自治州,29,,那曲市,18
那曲市,204,,白沙黎族自治县,146,,神农架林区,0,,那曲市,27,,克孜勒苏柯尔克孜自治州,18
果洛藏族自治州,151,,果洛藏族自治州,114,,三沙市,0,,神农架林区,23,,神农架林区,17
阿里地区,145,,阿里地区,95,,白沙黎族自治县,0,,白沙黎族自治县,22,,果洛藏族自治州,8
图木舒克市,128,,图木舒克市,87,,果洛藏族自治州,0,,阿里地区,22,,图木舒克市,5
可克达拉市,38,,可克达拉市,31,,图木舒克市,0,,双河市,7,,可克达拉市,4
铁门关市,26,,铁门关市,20,,北屯市,0,,可克达拉市,3,,铁门关市,3
双河市,24,,双河市,17,,可克达拉市,0,,铁门关市,3,,昆玉市,1
昆玉市,13,,昆玉市,10,,昆玉市,0,,昆玉市,2,,三沙市,0
北屯市,7,,北屯市,7,,双河市,0,,三沙市,0,,北屯市,0
三沙市,0,,三沙市,0,,铁门关市,0,,北屯市,0,,双河市,0
,4519123,,,,,,95515,,,,,,
